{
    "alt-speed-down": 50,
    "alt-speed-enabled": false,
    "alt-speed-time-begin": 540,
    "alt-speed-time-day": 127,
    "alt-speed-time-enabled": false,
    "alt-speed-time-end": 1020,
    "alt-speed-up": 50,
    "announce-ip": "",
    "announce-ip-enabled": false,
    "anti-brute-force-enabled": false,
    "anti-brute-force-threshold": 100,
    "bind-address-ipv4": "0.0.0.0",
    "bind-address-ipv6": "::",
    "blocklist-enabled": false,
    "blocklist-updates-enabled": true,
    "blocklist-url": "http://www.example.com/blocklist",
    "cache-size-mb": 4,
    "compact-view": false,
    "default-trackers": "",
    "details-window-height": 645,
    "details-window-width": 700,
    "dht-enabled": true,
    "download-dir": "/home/bert/Videos/Movies",
    "download-queue-enabled": true,
    "download-queue-size": 5,
    "encryption": 1,
    "idle-seeding-limit": 30,
    "idle-seeding-limit-enabled": false,
    "incomplete-dir": "/home/bert/Downloads",
    "incomplete-dir-enabled": false,
    "inhibit-desktop-hibernation": false,
    "lpd-enabled": true,
    "main-window-height": 500,
    "main-window-is-maximized": false,
    "main-window-width": 480,
    "main-window-x": 50,
    "main-window-y": 50,
    "message-level": 4,
    "open-dialog-dir": "/home/bert/Downloads",
    "peer-congestion-algorithm": "",
    "peer-limit-global": 200,
    "peer-limit-per-torrent": 50,
    "peer-port": 51413,
    "peer-port-random-high": 65535,
    "peer-port-random-low": 49152,
    "peer-port-random-on-start": false,
    "peer-socket-tos": "le",
    "pex-enabled": true,
    "port-forwarding-enabled": true,
    "preallocation": 1,
    "prefetch-enabled": true,
    "queue-stalled-enabled": true,
    "queue-stalled-minutes": 30,
    "ratio-limit": 2,
    "ratio-limit-enabled": false,
    "recent-download-dir-1": "/home/bert/Videos/Movies",
    "recent-download-dir-2": "",
    "recent-download-dir-3": "",
    "recent-download-dir-4": "",
    "rename-partial-files": false,
    "rpc-authentication-required": false,
    "rpc-bind-address": "0.0.0.0",
    "rpc-enabled": false,
    "rpc-host-whitelist": "",
    "rpc-host-whitelist-enabled": true,
    "rpc-password": "{1c3a59030fcd2a1bc27fc1b972381a708ff045c0VjnxO3oj",
    "rpc-port": 9091,
    "rpc-socket-mode": "0750",
    "rpc-url": "/transmission/",
    "rpc-username": "",
    "rpc-whitelist": "127.0.0.1,::1",
    "rpc-whitelist-enabled": true,
    "scrape-paused-torrents-enabled": true,
    "script-torrent-added-enabled": false,
    "script-torrent-added-filename": "",
    "script-torrent-done-enabled": false,
    "script-torrent-done-filename": "",
    "script-torrent-done-seeding-enabled": false,
    "script-torrent-done-seeding-filename": "",
    "seed-queue-enabled": false,
    "seed-queue-size": 10,
    "show-backup-trackers": false,
    "show-extra-peer-details": false,
    "show-filterbar": true,
    "show-notification-area-icon": false,
    "show-options-window": true,
    "show-statusbar": true,
    "show-toolbar": true,
    "show-tracker-scrapes": false,
    "sort-mode": "sort-by-name",
    "sort-reversed": false,
    "speed-limit-down": 100,
    "speed-limit-down-enabled": false,
    "speed-limit-up": 100,
    "speed-limit-up-enabled": false,
    "start-added-torrents": true,
    "statusbar-stats": "total-ratio",
    "tcp-enabled": true,
    "torrent-added-notification-enabled": true,
    "torrent-added-verify-mode": "fast",
    "torrent-complete-notification-enabled": true,
    "torrent-complete-sound-command": [
        "canberra-gtk-play",
        "-i",
        "complete-download",
        "-d",
        "transmission torrent downloaded"
    ],
    "torrent-complete-sound-enabled": true,
    "trash-can-enabled": true,
    "trash-original-torrent-files": false,
    "umask": "022",
    "upload-slots-per-torrent": 8,
    "user-has-given-informed-consent": true,
    "utp-enabled": true,
    "watch-dir": "/home/bert/Downloads",
    "watch-dir-enabled": false
}